{
    "acmeair-flightservice": {
        "sysdig_container_cpu_cores_used": [
            0,
            0,
            0,
            0,
            0
        ],
        "sysdig_container_cpu_quota_used_percent": [
            0,
            0,
            0,
            0,
            0
        ],
        "sysdig_container_memory_used_bytes": [
            0,
            0,
            0,
            0,
            0
        ],
        "sysdig_container_memory_limit_used_percent": [
            0,
            0,
            0,
            0,
            0
        ],
        "kube_pod_sysdig_restart_count": [
            0,
            0,
            0,
            0,
            0
        ],
        "jmx_jvm_thread_count": [
            0,
            0,
            0,
            0,
            0
        ]
    },
    "acmeair-mainservice": {
        "sysdig_container_cpu_cores_used": [
            0.04201,
            0.02055,
            0.04201,
            0.04201,
            0.0107,
            0.0107,
            0.01582,
            0.01582,
            0.01582,
            0.01582
        ],
        "sysdig_container_cpu_quota_used_percent": [
            8.409,
            4.117,
            8.409,
            8.409,
            2.146,
            2.146,
            3.169,
            3.169,
            3.169,
            3.169
        ],
        "sysdig_container_memory_used_bytes": [
            151896473.6,
            151997235.2,
            151896473.6,
            151896473.6,
            152146329.6,
            152146329.6,
            152370380.8,
            152370380.8,
            152370380.8,
            152370380.8
        ],
        "sysdig_container_memory_limit_used_percent": [
            28.292923,
            28.311692,
            28.292923,
            28.292923,
            28.339463,
            28.339463,
            28.381196,
            28.381196,
            28.381196,
            28.381196
        ],
        "kube_pod_sysdig_restart_count": [
            0,
            0,
            0,
            0,
            0,
            0,
            0,
            0,
            0,
            0
        ],
        "jmx_jvm_thread_count": [
            54,
            54,
            54,
            54,
            54,
            54,
            54,
            54,
            54,
            54
        ]
    },
    "acmeair-bookingservice": {
        "sysdig_container_cpu_cores_used": [
            0.030781,
            0.030781,
            0.03067,
            0.03067,
            0.03695,
            0.03695,
            0.02991,
            0.02991,
            0.02991,
            0.02991
        ],
        "sysdig_container_cpu_quota_used_percent": [
            1.537,
            1.537,
            1.531001,
            1.531001,
            1.846,
            1.846,
            1.492,
            1.492,
            1.492,
            1.492
        ],
        "sysdig_container_memory_used_bytes": [
            180373913.6,
            180373913.6,
            180388249.6,
            180388249.6,
            181504819.2,
            181504819.2,
            181096038.4,
            181096038.4,
            181096038.4,
            181096038.4
        ],
        "sysdig_container_memory_limit_used_percent": [
            33.59726,
            33.59726,
            33.59993,
            33.59993,
            33.807908,
            33.807908,
            33.731766,
            33.731766,
            33.731766,
            33.731766
        ],
        "kube_pod_sysdig_restart_count": [
            0,
            0,
            0,
            0,
            0,
            0,
            0,
            0,
            0,
            0
        ],
        "jmx_jvm_thread_count": [
            58.5,
            58.5,
            58,
            58,
            58,
            58,
            58,
            58,
            58,
            58
        ]
    },
    "acmeair-customerservice": {
        "sysdig_container_cpu_cores_used": [
            0.06407,
            0.06407,
            0.05824,
            0.05824,
            0.11535,
            0.11535,
            0.06334,
            0.06334,
            0.06334,
            0.06334
        ],
        "sysdig_container_cpu_quota_used_percent": [
            6.407,
            6.407,
            5.824,
            5.824,
            11.535,
            11.535,
            6.334001,
            6.334001,
            6.334001,
            6.334001
        ],
        "sysdig_container_memory_used_bytes": [
            178531942.4,
            178531942.4,
            179951616,
            179951616,
            181198028.8,
            181198028.8,
            181500313.6,
            181500313.6,
            181500313.6,
            181500313.6
        ],
        "sysdig_container_memory_limit_used_percent": [
            33.254166,
            33.254166,
            33.518601,
            33.518601,
            33.750763,
            33.750763,
            33.807068,
            33.807068,
            33.807068,
            33.807068
        ],
        "kube_pod_sysdig_restart_count": [
            0,
            0,
            0,
            0,
            0,
            0,
            0,
            0,
            0,
            0
        ],
        "jmx_jvm_thread_count": [
            60.5,
            60.5,
            60,
            60,
            60,
            60,
            60,
            60,
            60,
            60
        ]
    },
    "acmeair-authservice": {
        "sysdig_container_cpu_cores_used": [
            0.01681,
            0.02043,
            0.01681,
            0.01681,
            0.03921,
            0.03921,
            0.04383,
            0.04383,
            0.04383,
            0.04383
        ],
        "sysdig_container_cpu_quota_used_percent": [
            1.681,
            2.043,
            1.681,
            1.681,
            3.921001,
            3.921001,
            4.383,
            4.383,
            4.383,
            4.383
        ],
        "sysdig_container_memory_used_bytes": [
            176954572.8,
            176771072,
            176954572.8,
            176954572.8,
            178010521.6,
            178010521.6,
            178617139.2,
            178617139.2,
            178617139.2,
            178617139.2
        ],
        "sysdig_container_memory_limit_used_percent": [
            32.960358,
            32.926178,
            32.960358,
            32.960358,
            33.157044,
            33.157044,
            33.270035,
            33.270035,
            33.270035,
            33.270035
        ],
        "kube_pod_sysdig_restart_count": [
            0,
            0,
            0,
            0,
            0,
            0,
            0,
            0,
            0,
            0
        ],
        "jmx_jvm_thread_count": [
            55,
            55,
            55,
            55,
            55,
            55,
            55,
            55,
            55,
            55
        ]
    }
}